cliente_id,edad,ingreso_mensual,antiguedad_laboral_anios,monto_prestamo,monto_prestamo_usd,plazo_meses,cuota_mensual,ratio_deuda_ingreso,score_crediticio,historial_crediticio,tipo_vivienda,canal_solicitud,observaciones,incumplimiento
C100000,29.0,4808.61,4.4,28681.11,7645.78,48,953.49,0.198,591.0,Regular,Alquilada,App,,1
C100001,18.0,1903.01,0.0,12550.13,3369.45,24,710.19,0.373,503.0,Malo,Familiar,Agencia,,1
C100002,45.0,4215.54,8.1,24838.77,6617.07,36,942.92,0.224,,Regular,Propia,Agencia,,1
C100003,16.0,4923.31,11.2,33253.74,8852.18,36,1026.78,0.209,754.0,Excelente,Propia,App,,0
C100004,35.0,3380.26,2.9,26736.21,7136.62,24,1376.73,0.407,601.0,Regular,Alquilada,Web,,1
C100005,42.0,4351.09,16.3,10786.05,2860.34,48,342.3,0.079,586.0,Regular,Propia,Web,documento incompleto,0
C100006,57.0,8003.21,11.6,61389.0,16390.31,36,1969.64,0.246,718.0,Bueno,Familiar,Web,,0
C100007,50.0,3025.27,4.3,41367.38,11022.47,12,3744.2,1.238,669.0,Regular,Alquilada,Agencia,,1
C100008,46.0,1974.71,10.5,19486.28,5230.59,48,476.47,0.241,675.0,Bueno,Propia,Agencia,,0
C100009,46.0,3571.64,7.7,31448.65,8414.71,36,1133.41,0.317,644.0,Regular,Familiar,Agencia,,0
C100010,29.0,2845.58,0.8,15417.61,4101.72,24,840.19,0.295,545.0,Malo,Propia,App,,1
C100011,49.0,4141.55,1.9,26703.2,7104.14,60,528.76,0.128,842.0,Excelente,Familiar,Agencia,referencia pendiente,0
C100012,20.0,5794.27,0.4,65637.72,17500.92,36,2558.78,0.442,604.0,Regular,Propia,App,,0
C100013,34.0,6319.22,5.4,105164.31,28027.12,24,4779.98,0.756,752.0,Excelente,Propia,App,,0
C100014,33.0,4892.19,6.3,49657.21,13234.11,12,4651.18,0.951,533.0,Malo,Alquilada,Agencia,documento incompleto,1
C100015,19.0,7958.6,-2.0,49918.05,13290.14,24,2467.69,0.31,614.0,Regular,Alquilada,App,,0
C100016,37.0,4981.41,2.4,27265.22,7266.4,36,1081.54,0.217,537.0,Malo,Alquilada,Web,referencia pendiente,1
C100017,56.0,6720.66,5.9,54218.75,14476.8,24,2972.13,0.442,558.0,Malo,Propia,Web,,1
C100018,34.0,4955.75,3.4,57072.27,15215.03,48,2034.01,0.41,543.0,Malo,Propia,Agencia,,1
C100019,25.0,4788.68,2.0,39105.13,10431.58,12,3434.29,0.717,,Bueno,Alquilada,App,,1
C100020,37.0,3366.64,9.8,54887.93,14622.84,60,1383.66,0.411,646.0,Regular,Alquilada,Agencia,,0
C100021,47.0,4233.52,19.2,60564.38,16142.24,60,1343.0,0.317,691.0,Bueno,Alquilada,Agencia,,0
C100022,40.0,3264.19,1.5,42730.84,11383.35,36,1512.03,0.463,688.0,Bueno,Propia,Web,,0
C100023,38.0,3699.19,4.4,11118.03,2945.38,36,434.48,0.117,549.0,Malo,Familiar,App,,0
C100024,22.0,4367.92,1.6,54925.3,14663.44,24,2682.69,0.614,634.0,Regular,Alquilada,Web,documento incompleto,0
C100025,123.0,7108.43,19.9,73686.18,19685.42,24,3993.66,0.562,536.0,Malo,Alquilada,Agencia,,1
C100026,43.0,3766.22,4.5,45336.39,12087.27,36,1399.86,0.372,783.0,Excelente,Alquilada,Agencia,,0
C100027,53.0,5589.81,17.2,84036.91,22400.25,60,1799.63,0.322,715.0,Bueno,Alquilada,Agencia,documento incompleto,0
C100028,54.0,2420.14,16.4,28354.54,7541.0,36,1073.92,0.444,,Regular,Alquilada,App,,0
C100029,46.0,3712.06,4.8,14929.04,3974.61,24,829.58,0.223,516.0,Malo,Alquilada,App,,0
C100030,20.0,7501.75,0.6,35920.43,9563.62,24,1653.54,0.22,741.0,Excelente,Alquilada,App,documento incompleto,0
C100031,22.0,4937.47,2.1,49195.97,13108.15,36,1807.86,0.366,603.0,Regular,Familiar,App,,1
C100032,26.0,1865.27,2.3,12119.78,3232.21,24,658.93,0.353,554.0,Malo,Alquilada,Agencia,,1
C100033,41.0,4166.7,7.0,27052.34,7205.18,36,1170.29,0.281,516.0,Malo,Alquilada,Agencia,,1
C100034,29.0,3781.03,3.4,15499.6,4142.61,24,693.96,0.184,783.0,Excelente,Propia,Web,documento incompleto,1
C100035,52.0,2475.73,15.4,15302.74,4106.15,36,480.58,0.194,734.0,Bueno,Propia,Web,,1
C100036,41.0,1913.76,13.0,18618.86,4973.87,36,658.6,0.344,615.0,Regular,Alquilada,Web,,0
C100037,42.0,2751.13,8.7,42035.28,11170.71,48,1006.59,0.366,720.0,Bueno,Alquilada,Agencia,,0
C100038,46.0,,10.5,28920.62,7691.39,48,958.95,0.367,513.0,Malo,Familiar,App,documento incompleto,1
C100039,42.0,5823.57,0.9,46733.26,12445.63,24,2123.76,0.365,759.0,Excelente,Propia,App,,0
C100040,22.0,5477.94,0.9,29159.56,7770.8,36,979.87,0.179,671.0,Bueno,Alquilada,Web,,0
C100041,65.0,5634.03,27.1,66469.01,17702.48,36,2052.37,0.364,798.0,Excelente,Familiar,Web,validación manual,0
C100042,54.0,6869.53,12.1,92214.67,24588.76,24,4249.08,0.619,708.0,Bueno,Alquilada,Agencia,,0
C100043,55.0,1583.58,18.1,16008.51,4266.34,36,584.02,0.369,599.0,Regular,Propia,Web,validación manual,0
C100044,30.0,-1000.0,2.3,53059.21,14171.97,36,2189.61,0.587,533.0,Malo,Alquilada,App,,1
C100045,18.0,4922.25,0.0,36164.19,9651.57,24,1619.16,0.329,740.0,Bueno,Propia,Agencia,,0
C100046,21.0,3124.68,2.0,20036.6,5329.56,24,1072.02,0.343,567.0,Malo,Familiar,Web,validación manual,1
C100047,26.0,3184.04,4.0,58457.49,15600.73,12,5060.2,1.589,725.0,Bueno,Propia,App,,1
C100048,48.0,2947.62,14.5,21368.05,5715.52,48,541.24,0.184,741.0,Excelente,Familiar,Web,,0
C100049,48.0,4553.47,5.4,67810.74,18089.57,36,2666.66,0.586,585.0,Regular,Alquilada,Agencia,,1
C100050,54.0,,9.9,22437.5,5975.85,36,729.02,0.177,710.0,Bueno,Alquilada,Agencia,validación manual,0
C100051,62.0,7346.68,14.4,72704.45,19390.02,36,2244.9,0.306,754.0,Excelente,Propia,App,,0
C100052,44.0,5039.14,10.2,78091.63,20826.43,36,2688.38,0.533,678.0,Bueno,Alquilada,Agencia,,0
C100053,42.0,,2.0,16981.35,4520.39,36,619.73,0.133,607.0,Regular,Alquilada,Agencia,,0
C100054,34.0,4181.82,9.3,57333.24,15304.05,48,2166.37,0.518,512.0,Malo,Propia,Agencia,,1
C100055,34.0,2966.41,7.9,22356.63,5973.49,36,700.56,0.236,701.0,Bueno,Familiar,Web,validación manual,0
C100056,25.0,4466.22,3.7,59834.13,15947.34,36,2139.55,0.479,635.0,Regular,Propia,Web,,1
C100057,44.0,6121.32,11.3,96588.97,25753.55,36,3567.25,0.583,594.0,Regular,Propia,Web,,0
C100058,41.0,5223.77,1.9,47620.74,12700.07,12,4456.46,0.853,612.0,Regular,Propia,Web,,1
C100059,34.0,2617.46,4.3,31344.1,8350.68,48,901.21,0.344,637.0,Regular,Alquilada,Agencia,,0
C100060,29.0,2142.18,7.3,30706.86,8188.63,36,948.14,0.443,834.0,Excelente,Alquilada,Web,,1
C100061,43.0,5790.64,4.2,27954.78,7447.7,48,741.18,0.128,657.0,Regular,Alquilada,Web,validación manual,0
C100062,52.0,4607.2,9.6,39800.31,10604.44,36,1272.61,0.276,744.0,Excelente,Alquilada,App,documento incompleto,0
C100063,39.0,4822.41,5.6,22055.23,5882.09,12,2071.83,0.43,593.0,Regular,Familiar,App,validación manual,1
C100064,41.0,2878.97,3.2,39629.12,10534.74,24,1774.3,0.616,778.0,Excelente,Propia,Agencia,,0
C100065,32.0,5918.58,6.8,93346.97,24876.9,60,2334.92,0.395,664.0,Regular,Propia,App,,0
C100066,35.0,5868.28,5.1,350000.0,93333.33333333333,24,4047.61,0.69,695.0,Bueno,Alquilada,Agencia,,0
C100067,35.0,3779.76,4.3,63913.59,17044.44,36,2688.63,0.711,612.0,Regular,Familiar,Agencia,,1
C100068,35.0,5491.12,3.7,50538.52,13463.86,60,1462.76,0.266,622.0,Regular,Propia,Agencia,,0
C100069,31.0,2809.65,6.1,14859.59,3952.99,24,785.81,0.28,570.0,Malo,Familiar,Agencia,validación manual,0
C100070,42.0,4083.04,6.1,70915.53,18933.33,36,2200.23,0.539,723.0,Bueno,Familiar,Web,,1
C100071,52.0,1722.72,8.4,16793.62,4470.39,24,751.89,0.436,741.0,Excelente,Propia,Web,,0
C100072,28.0,3731.56,2.5,47246.92,12572.36,12,4110.52,1.102,720.0,Bueno,Alquilada,Agencia,,1
C100073,53.0,12833.59,5.6,104418.62,27855.64,24,5036.29,0.392,679.0,Bueno,Familiar,Agencia,,0
C100074,34.0,5835.96,5.3,52958.47,14151.49,24,2565.46,0.44,681.0,Bueno,Alquilada,Web,,1
C100075,34.0,9228.35,1.2,114128.68,30420.54,24,5109.84,0.554,770.0,Excelente,Alquilada,App,,0
C100076,18.0,5534.47,0.0,41129.55,10978.78,36,1422.19,0.257,655.0,Regular,Alquilada,Agencia,,0
C100077,18.0,4759.71,0.0,41427.64,11039.93,24,25000.0,0.427,622.0,Regular,Propia,App,,0
C100078,46.0,4728.71,-1.0,59691.54,15917.2,36,1980.87,0.419,680.0,Bueno,Alquilada,Agencia,,1
C100079,26.0,3580.81,4.1,30215.73,8044.71,24,1474.77,0.412,632.0,Regular,Propia,Agencia,,0
C100080,47.0,5958.33,11.5,44310.45,11853.79,48,1061.07,0.178,727.0,Bueno,Alquilada,Agencia,,0
C100081,39.0,3088.32,2.6,25118.82,6684.87,24,1236.69,0.4,647.0,Regular,Familiar,Web,,0
C100082,41.0,4393.48,0.7,22232.01,5929.31,24,1172.9,0.267,561.0,Malo,Alquilada,Agencia,,0
C100083,53.0,18710.38,4.5,78254.58,20881.14,24,3986.29,0.213,580.0,Malo,Alquilada,Agencia,,1
C100084,37.0,5400.25,9.2,47379.14,12616.02,36,1851.72,0.343,544.0,Malo,Alquilada,Web,,0
C100085,18.0,3480.61,0.0,46516.73,12430.82,24,2082.67,0.598,766.0,Excelente,Propia,Agencia,validación manual,0
C100086,19.0,6966.47,0.3,53336.19,14241.92,36,1814.84,0.261,659.0,Regular,Alquilada,Agencia,,0
C100087,49.0,5243.29,14.1,40835.65,10865.63,36,1260.89,0.24,763.0,Excelente,Alquilada,Web,,0
C100088,60.0,3831.93,1.2,28817.83,7681.32,48,695.95,0.182,772.0,Excelente,Familiar,App,,0
C100089,37.0,2612.15,2.6,38079.82,10128.42,60,963.59,0.369,636.0,Regular,Alquilada,Agencia,,0
C100090,30.0,4007.32,1.9,50364.2,13455.41,24,2254.94,0.563,848.0,Excelente,Alquilada,Web,,0
C100091,23.0,3535.09,2.6,29094.71,7741.48,48,838.78,0.237,649.0,Regular,Familiar,App,,1
C100092,44.0,4411.61,16.3,41715.53,11127.97,48,1154.53,0.262,696.0,Bueno,Alquilada,Agencia,,0
C100093,18.0,,0.0,72485.72,19336.74,12,6748.89,1.317,597.0,Regular,Alquilada,Agencia,,1
C100094,24.0,4910.16,2.1,75202.86,20048.4,24,3556.58,0.724,695.0,Bueno,Propia,App,,1
C100095,39.0,2825.01,3.8,30721.83,8187.43,48,864.56,0.306,627.0,Regular,Propia,Web,,0
C100096,39.0,5446.38,1.9,58232.18,15528.22,24,2766.54,0.508,710.0,Bueno,Familiar,Agencia,,1
C100097,35.0,5176.48,6.6,35847.07,9540.35,36,1106.85,0.214,804.0,Excelente,Propia,Agencia,,1
C100098,50.0,2220.31,6.4,14774.01,3918.2,12,1297.64,0.584,708.0,Bueno,Propia,Web,,1
C100099,24.0,4982.94,1.7,26412.37,7032.9,12,2410.07,0.484,565.0,Malo,Propia,Agencia,,1
C100100,-5.0,4136.08,1.0,31543.1,8412.9,12,3027.66,0.732,549.0,Malo,Alquilada,App,documento incompleto,1
C100101,33.0,5091.12,6.8,51393.71,13664.52,24,2708.1,0.532,,Regular,Propia,Agencia,,1
C100102,39.0,2616.37,10.7,4020.43,1064.21,60,79.61,0.03,803.0,Excelente,Familiar,Agencia,,0
C100103,34.0,3693.79,6.6,53452.15,14233.42,36,1882.18,0.51,621.0,Regular,Familiar,Agencia,,1
C100104,60.0,3828.75,18.4,54511.79,14534.38,36,2493.51,0.651,486.0,Malo,Propia,App,,1
C100105,31.0,2439.12,9.1,17716.18,4716.78,24,900.16,0.369,603.0,Regular,Propia,Agencia,,0
C100106,45.0,5361.76,4.3,64097.63,17090.03,48,1751.94,0.327,688.0,Bueno,Alquilada,Agencia,,0
C100107,32.0,3715.34,6.7,38708.61,10319.9,12,3560.69,0.958,609.0,Regular,Propia,Web,,1
C100108,42.0,5063.49,5.2,42864.88,11425.38,36,1375.11,0.272,741.0,Excelente,Familiar,Web,,0
C100109,33.0,2702.03,4.6,20419.17,5438.83,24,931.18,0.345,,Excelente,Propia,App,,0
C100110,34.0,2258.46,11.9,6341.84,1685.95,24,332.86,0.147,605.0,Regular,Propia,App,,0
C100111,56.0,2516.53,24.5,34231.03,9114.25,60,677.82,0.269,759.0,Excelente,Propia,Agencia,referencia pendiente,0
C100112,34.0,1585.03,1.5,26600.39,7074.77,36,1028.48,0.649,596.0,Regular,Alquilada,Web,,0
C100113,57.0,2990.35,5.2,16503.26,4391.43,36,509.57,0.17,796.0,Excelente,Alquilada,App,,0
C100114,30.0,,2.2,64595.5,17234.65,12,6040.59,1.191,624.0,Regular,Propia,Agencia,,1
C100115,33.0,8194.66,12.6,105939.73,28238.1,36,3271.11,0.399,784.0,Excelente,Alquilada,Agencia,,0
C100116,50.0,7244.19,10.0,77888.67,20783.65,24,3853.43,0.532,663.0,Regular,Alquilada,App,,0
C100117,18.0,7747.22,0.0,74364.53,19831.29,12,6843.73,0.883,600.0,Regular,Alquilada,Web,,1
C100118,20.0,7730.39,0.2,112492.12,29994.09,60,2817.91,0.365,656.0,Regular,Propia,Agencia,,0
C100119,38.0,11359.68,6.9,120000.0,31988.04,48,3110.47,0.274,688.0,Bueno,Alquilada,Web,,0
C100120,43.0,4691.13,5.2,64230.9,17113.54,36,2407.71,0.513,584.0,Regular,Propia,Agencia,,0
C100121,44.0,6609.94,10.8,75171.13,20042.14,12,6709.96,1.015,706.0,Bueno,Alquilada,Agencia,,1
C100122,34.0,5787.23,7.0,67924.98,18094.08,24,3625.99,0.627,575.0,Malo,Propia,App,documento incompleto,0
C100123,22.0,1328.59,3.0,3000.0,791.31,48,97.68,0.074,566.0,Malo,Alquilada,Web,,0
C100124,47.0,4633.16,9.7,35647.09,9528.95,12,3160.31,0.682,665.0,Regular,Alquilada,Web,,1
C100125,43.0,4426.99,12.8,54695.2,14604.21,36,1919.76,0.434,711.0,Bueno,Alquilada,App,,0
C100126,25.0,5134.91,4.1,57381.47,15306.17,12,5479.83,1.067,583.0,Regular,Propia,Web,,1
C100127,39.0,3406.33,5.5,46848.06,12483.72,36,1594.93,0.468,683.0,Bueno,Propia,Web,,0
C100128,58.0,3073.38,19.1,22806.81,6054.85,36,704.21,0.229,762.0,Excelente,Alquilada,Web,,0
C100129,39.0,3403.88,7.2,52907.24,14086.81,48,1452.55,0.427,665.0,Regular,Alquilada,Web,validación manual,0
C100130,25.0,6013.36,0.8,64860.06,17313.09,24,3309.5,0.55,615.0,Regular,Alquilada,Agencia,documento incompleto,1
C100131,33.0,5312.68,11.0,65002.62,17350.56,48,1556.57,0.293,752.0,Excelente,Familiar,Web,,0
C100132,34.0,8472.0,9.5,120000.0,32006.71,36,3705.25,0.437,796.0,Excelente,Propia,Web,,0
C100133,42.0,2406.07,4.3,30217.5,8050.74,60,708.08,0.294,640.0,Regular,Propia,Agencia,,0
C100134,48.0,7197.42,7.8,52441.75,14007.36,60,1301.76,0.181,687.0,Bueno,Alquilada,Agencia,validación manual,0
C100135,28.0,10275.05,1.1,120000.0,31994.44,36,4309.83,0.419,649.0,Regular,Familiar,Agencia,documento incompleto,1
C100136,31.0,2826.64,2.6,37261.27,9936.92,60,766.47,0.271,702.0,Bueno,Alquilada,Agencia,,0
C100137,49.0,4442.83,10.6,43137.77,11502.83,36,1331.97,0.3,748.0,Excelente,Alquilada,Agencia,,0
C100138,46.0,2057.79,11.8,16226.38,4344.49,36,607.62,0.295,602.0,Regular,Familiar,App,,1
C100139,53.0,1184.54,17.8,10946.34,2912.72,12,947.15,0.8,799.0,Excelente,Familiar,Web,,0
C100140,22.0,2265.09,1.0,21862.4,5815.48,36,775.21,0.342,664.0,Regular,Propia,Web,,0
C100141,27.0,4295.56,4.0,15344.44,4104.22,36,546.99,0.127,641.0,Regular,Alquilada,Agencia,referencia pendiente,0
C100142,49.0,4650.84,10.3,39821.13,10626.38,36,1229.56,0.264,700.0,Bueno,Alquilada,Agencia,,0
C100143,27.0,3513.25,2.3,20519.96,5460.2,24,961.84,0.274,672.0,Bueno,Alquilada,App,,0
C100144,42.0,5653.72,3.6,82046.62,21887.44,12,7472.99,1.322,676.0,Bueno,Alquilada,App,,1
C100145,37.0,4945.0,7.3,59212.64,15781.22,48,2206.46,0.446,478.0,Malo,Propia,App,,1
C100146,30.0,10067.96,1.3,101847.83,27146.68,24,4559.99,0.453,828.0,Excelente,Alquilada,Web,validación manual,0
C100147,54.0,2179.31,6.2,10479.48,2804.33,36,342.81,0.157,697.0,Bueno,Propia,Web,,0
C100148,38.0,2786.41,7.0,22351.62,5945.81,12,1987.37,0.713,665.0,Regular,Alquilada,Web,,1
C100149,32.0,3181.93,0.5,51055.86,13621.02,36,1576.46,0.495,740.0,Bueno,Alquilada,Agencia,,1
C100150,36.0,,4.4,9447.57,2528.14,48,287.9,0.093,645.0,Regular,Alquilada,Web,,0
C100151,41.0,3355.95,5.0,26355.75,7037.07,36,942.31,0.281,641.0,Regular,Familiar,Web,,0
C100152,20.0,12620.62,0.3,120000.0,31976.21,12,10383.21,0.823,773.0,Excelente,Propia,Agencia,,0
C100153,28.0,3537.98,6.8,12269.89,3228.22,60,336.68,0.095,603.0,Regular,Familiar,Agencia,,0
C100154,24.0,5665.09,2.7,80906.67,21573.94,36,2854.04,0.504,662.0,Regular,Alquilada,Agencia,referencia pendiente,1
C100155,18.0,0.0,0.0,16123.04,4300.38,36,510.33,0.236,723.0,Bueno,Familiar,Web,,0
C100156,49.0,3019.54,17.2,23386.19,6244.84,60,536.21,0.178,675.0,Bueno,Alquilada,Agencia,,0
C100157,54.0,6221.47,14.9,69647.83,18581.09,12,6198.69,0.996,708.0,Bueno,Propia,App,,1
C100158,51.0,6655.37,3.2,92439.49,24591.72,12,8786.09,1.32,577.0,Malo,Propia,Web,validación manual,1
C100159,18.0,,0.0,26861.03,7144.66,60,970.57,0.491,505.0,Malo,Familiar,Agencia,,1
C100160,42.0,11147.64,9.3,62476.97,16642.01,24,2825.61,0.253,737.0,Bueno,Propia,Agencia,,0
C100161,46.0,5110.54,17.3,75734.87,20192.24,60,1672.26,0.327,723.0,Bueno,Propia,Web,validación manual,0
C100162,32.0,2929.65,6.8,16751.22,4503.63,24,750.0,0.256,764.0,Excelente,Alquilada,Agencia,,0
C100163,47.0,5223.0,10.2,58833.3,15671.78,48,1408.84,0.27,805.0,Excelente,Propia,Web,,0
C100164,25.0,3110.37,4.6,15900.82,4252.58,48,482.41,0.155,668.0,Regular,Alquilada,Web,validación manual,0
C100165,26.0,2125.09,1.8,7881.3,2116.42,48,204.58,0.096,692.0,Bueno,Alquilada,Agencia,validación manual,0
C100166,29.0,,5.0,62844.13,16761.91,36,1961.55,0.428,750.0,Excelente,Alquilada,Agencia,,0
C100167,30.0,6192.45,7.5,84154.09,22421.22,36,3363.53,0.543,550.0,Malo,Familiar,Agencia,,1
C100168,27.0,6940.0,2.0,28978.36,7710.53,24,1420.67,0.205,663.0,Regular,Alquilada,Web,validación manual,0
C100169,49.0,1920.95,12.3,13681.18,3648.23,24,690.02,0.359,627.0,Regular,Propia,Web,,1
C100170,26.0,2682.52,3.3,21611.84,5786.11,48,582.58,0.217,685.0,Bueno,Propia,Web,,0
C100171,33.0,3827.97,5.3,39854.01,10607.97,60,789.16,0.206,780.0,Excelente,Familiar,App,,0
C100172,31.0,6881.43,5.5,108304.61,28851.25,60,2815.05,0.409,664.0,Regular,Alquilada,Agencia,,1
C100173,63.0,7753.63,27.6,54060.1,14430.06,12,5031.16,0.649,616.0,Regular,Propia,Agencia,,1
C100174,28.0,3472.1,3.3,15619.77,4172.02,36,585.52,0.169,590.0,Regular,Alquilada,App,,0
C100175,43.0,2370.03,12.7,21635.73,5767.69,12,2077.39,0.877,579.0,Malo,Alquilada,Agencia,,1
C100176,58.0,5473.8,16.0,63937.01,17047.01,24,3199.05,0.584,664.0,Regular,Propia,Agencia,,1
C100177,25.0,3346.86,1.3,37571.96,10033.3,36,1658.91,0.496,475.0,Malo,Propia,Web,,1
C100178,29.0,5125.34,5.6,43876.97,11703.49,36,1354.79,0.264,735.0,Bueno,Propia,Agencia,,0
C100179,34.0,6891.57,9.9,53445.29,14262.13,48,1482.81,0.215,669.0,Regular,Propia,Agencia,,0
C100180,23.0,5605.02,0.3,79752.1,21257.57,48,2215.67,0.395,633.0,Regular,Propia,Agencia,,0
C100181,52.0,2610.51,10.6,35490.88,9446.15,36,1278.45,0.49,656.0,Regular,Familiar,Agencia,,1
C100182,33.0,2348.37,8.8,13418.62,3585.4,60,340.18,0.145,,Regular,Alquilada,App,,1
C100183,50.0,2067.4,4.1,29058.79,7767.02,36,926.3,0.448,761.0,Excelente,Alquilada,App,,0
C100184,44.0,5967.5,2.1,79094.18,21082.32,12,7448.71,1.248,551.0,Malo,Alquilada,Agencia,,1
C100185,38.0,7163.66,4.6,73741.07,19653.38,12,6930.21,0.967,524.0,Malo,Propia,Agencia,validación manual,1
C100186,49.0,2569.43,9.6,34510.08,9209.2,24,1668.61,0.649,689.0,Bueno,Familiar,Agencia,,0
C100187,35.0,3246.96,8.2,17764.82,4747.47,48,634.02,0.195,552.0,Malo,Familiar,Web,,0
C100188,50.0,2674.36,4.7,33356.77,8899.79,48,947.55,0.354,677.0,Bueno,Propia,Agencia,,0
C100189,23.0,3892.33,1.1,30564.89,8155.16,48,830.46,0.213,696.0,Bueno,Alquilada,Agencia,,0
C100190,30.0,2777.01,9.5,32871.99,8760.03,12,3145.97,1.133,513.0,Malo,Alquilada,Agencia,,1
C100191,51.0,2771.62,9.1,44889.11,11978.63,36,1633.39,0.589,652.0,Regular,Alquilada,App,,0
C100192,18.0,7499.85,0.0,65580.02,17492.85,36,2040.39,0.272,713.0,Bueno,Alquilada,Agencia,validación manual,1
C100193,43.0,6395.09,4.4,86557.5,23081.15,24,4474.72,0.7,,Regular,Familiar,Agencia,,0
C100194,33.0,4196.67,7.9,50379.47,13442.41,48,1664.91,0.397,582.0,Regular,Familiar,Agencia,,0
C100195,32.0,7077.19,3.6,72328.72,19294.76,36,2233.3,0.316,764.0,Excelente,Familiar,Web,,0
C100196,30.0,3113.22,3.7,12067.53,3221.05,48,398.64,0.128,574.0,Malo,Propia,Web,,0
C100197,52.0,5137.61,13.8,48127.66,12819.29,12,4348.21,0.846,670.0,Regular,Alquilada,Agencia,,0
C100198,21.0,2643.24,0.5,33169.28,8872.43,24,1523.78,0.576,706.0,Bueno,Propia,Agencia,,1
C100199,47.0,2885.8,16.4,9860.07,2651.52,24,516.53,0.179,577.0,Malo,Alquilada,Web,,0
C100200,80.0,6501.77,2.9,83551.03,22277.54,24,3845.45,0.591,709.0,Bueno,Alquilada,Web,validación manual,0
C100201,33.0,2321.73,1.0,44204.96,11787.02,48,1359.98,0.586,592.0,Regular,Familiar,Agencia,,1
C100202,37.0,3361.7,9.1,15333.6,4093.3,36,515.23,0.153,688.0,Bueno,Alquilada,Agencia,,0
C100203,46.0,2349.35,21.0,27206.97,7275.48,12,2493.62,1.061,654.0,Regular,Alquilada,App,,1
C100204,31.0,2257.01,6.0,16532.72,4404.54,24,751.92,0.333,749.0,Excelente,Propia,Agencia,,0
C100205,21.0,4080.83,1.7,28157.71,7511.58,48,674.27,0.165,737.0,Bueno,Propia,Web,,0
C100206,41.0,4171.8,9.4,24923.12,6616.58,60,493.51,0.118,740.0,Bueno,Alquilada,Web,,0
C100207,29.0,1979.54,6.0,11146.35,2964.93,36,426.17,0.215,585.0,Regular,Alquilada,Web,validación manual,0
C100208,33.0,11170.25,10.2,69478.53,18523.64,12,6094.13,0.546,689.0,Bueno,Familiar,Web,referencia pendiente,1
C100209,39.0,8255.63,5.3,100525.26,26811.24,36,3815.74,0.462,616.0,Regular,Alquilada,Agencia,,1
C100210,46.0,2614.59,14.7,27224.29,7258.33,36,840.61,0.322,835.0,Excelente,Familiar,App,,0
C100211,58.0,4861.45,19.2,45159.5,12044.28,36,1490.52,0.307,645.0,Regular,Familiar,App,,0
C100212,42.0,4303.97,8.8,53311.64,14222.52,48,1513.35,0.352,652.0,Regular,Propia,Web,,0
C100213,39.0,2964.01,9.2,12281.27,3297.73,36,489.43,0.165,592.0,Regular,Familiar,Agencia,,1
C100214,47.0,2170.75,6.0,20557.52,5465.58,24,1006.55,0.464,646.0,Regular,Propia,Agencia,,1
C100215,41.0,4012.51,9.2,12149.59,3257.58,12,1135.31,0.283,579.0,Malo,Alquilada,Web,,1
C100216,19.0,3662.84,0.1,45435.68,12127.81,36,1428.23,0.39,679.0,Bueno,Alquilada,Web,,0
C100217,31.0,7016.05,7.6,81611.45,21791.49,36,2760.84,0.394,712.0,Bueno,Alquilada,Web,,0
C100218,24.0,4298.48,1.5,64435.0,17193.1,60,1774.93,0.413,,Malo,Alquilada,App,,1
C100219,46.0,2476.7,8.9,17717.42,4729.12,48,574.37,0.232,592.0,Regular,Propia,App,,0
C100220,52.0,2886.12,11.0,35289.83,9413.89,12,3161.14,1.095,707.0,Bueno,Alquilada,Agencia,referencia pendiente,1
C100221,42.0,3948.75,4.5,44359.9,11810.39,24,2261.32,0.573,619.0,Regular,Alquilada,Agencia,,0
C100222,27.0,6299.14,0.5,30482.72,8159.4,48,769.44,0.122,688.0,Bueno,Alquilada,Web,,0
C100223,47.0,2301.65,16.8,30494.81,8116.16,36,1198.16,0.521,572.0,Malo,Alquilada,Web,validación manual,0
C100224,27.0,4508.71,3.8,18419.24,4908.54,24,824.68,0.183,850.0,Excelente,Alquilada,Web,,0
C100225,41.0,7394.3,3.1,71252.9,19029.75,48,2820.03,0.381,461.0,Malo,Familiar,Agencia,,1
C100226,25.0,2024.85,1.9,17607.06,4704.23,36,652.93,0.322,661.0,Regular,Propia,App,,0
C100227,23.0,7811.7,1.0,104969.07,28006.55,24,5190.87,0.664,685.0,Bueno,Propia,App,validación manual,1
C100228,23.0,3096.26,2.1,3000.0,789.52,36,97.16,0.031,713.0,Bueno,Alquilada,App,,0
C100229,38.0,3916.17,8.7,30140.34,8023.86,48,964.34,0.246,572.0,Malo,Familiar,App,,1
C100230,31.0,3130.02,1.8,32404.47,8673.74,24,1640.72,0.524,633.0,Regular,Alquilada,App,,0
C100231,43.0,4788.32,3.2,54117.44,14443.26,24,2535.75,0.53,657.0,Regular,Alquilada,Agencia,,0
C100232,24.0,5097.9,0.8,61261.96,16339.55,12,5544.8,1.088,616.0,Regular,Familiar,Agencia,documento incompleto,1
C100233,43.0,5177.21,5.9,66630.7,17746.27,48,1595.56,0.308,705.0,Bueno,Alquilada,Web,,0
C100234,31.0,15072.08,1.2,120000.0,32009.8,12,10731.77,0.712,653.0,Regular,Alquilada,Web,,0
C100235,52.0,1257.58,18.7,12234.31,3275.43,48,292.97,0.233,747.0,Excelente,Familiar,Web,,0
C100236,49.0,3188.06,5.2,36258.35,9668.58,36,1332.97,0.418,610.0,Regular,Propia,Agencia,documento incompleto,1
C100237,36.0,2177.9,1.2,20381.53,5437.47,36,829.34,0.381,539.0,Malo,Alquilada,Agencia,validación manual,0
C100238,39.0,3665.43,5.3,43439.3,11594.16,36,1347.43,0.368,723.0,Bueno,Propia,App,,0
C100239,41.0,2905.94,4.5,19529.6,5202.7,36,678.76,0.234,641.0,Regular,Alquilada,Agencia,,1
C100240,43.0,3588.33,7.6,41126.55,10974.18,36,1569.01,0.437,598.0,Regular,Propia,Web,,1
C100241,35.0,4004.34,0.2,20850.57,5555.03,36,706.8,0.177,694.0,Bueno,Alquilada,Agencia,,0
C100242,50.0,3076.33,5.5,18263.3,4856.77,48,532.75,0.173,664.0,Regular,Alquilada,App,documento incompleto,0
C100243,32.0,6284.56,8.5,31582.99,8413.16,12,2772.61,0.441,705.0,Bueno,Alquilada,Agencia,,1
C100244,18.0,2037.66,0.0,27681.19,7406.95,48,932.23,0.458,533.0,Malo,Alquilada,Web,,1
C100245,41.0,3178.74,11.2,50981.73,13602.48,24,2450.92,0.771,684.0,Bueno,Familiar,Web,referencia pendiente,0
C100246,37.0,4127.63,14.4,51927.93,13843.06,24,2324.95,0.563,727.0,Bueno,Propia,Agencia,,0
C100247,47.0,7753.63,11.9,109016.65,29077.67,12,9769.56,1.26,682.0,Bueno,Propia,Agencia,validación manual,0
C100248,45.0,2178.31,11.2,15590.09,4155.7,12,1470.88,0.675,579.0,Malo,Propia,App,,1
C100249,39.0,2289.85,5.8,21939.9,5849.93,24,982.31,0.429,729.0,Bueno,Familiar,Web,,0
C100250,39.0,5234.67,8.2,43261.55,11539.09,36,1411.96,0.27,732.0,Bueno,Alquilada,App,,0
C100251,39.0,4250.83,5.3,33582.73,8955.71,36,1267.05,0.298,563.0,Malo,Familiar,Agencia,,1
C100252,31.0,2094.79,6.7,20903.86,5595.92,24,1128.18,0.539,,Malo,Familiar,Web,,1
C100253,25.0,7043.02,2.4,90367.08,24115.28,48,2564.74,0.364,608.0,Regular,Alquilada,Web,,0
C100254,29.0,4632.63,2.3,16177.16,4312.38,12,1456.46,0.314,676.0,Bueno,Alquilada,Agencia,,0
C100255,37.0,3522.22,0.3,29481.89,7854.47,12,2748.66,0.78,606.0,Regular,Alquilada,Agencia,,1
C100256,18.0,3519.34,0.0,26422.79,7022.38,36,969.81,0.276,598.0,Regular,Familiar,Web,,0
C100257,33.0,4312.22,2.9,66014.85,17613.14,36,2701.03,0.626,544.0,Malo,Alquilada,Agencia,documento incompleto,1
C100258,27.0,3472.46,3.6,54624.42,14561.12,12,4899.92,1.411,679.0,Bueno,Alquilada,Agencia,,1
C100259,37.0,4796.85,13.5,66145.82,17633.38,12,5723.38,1.193,764.0,Excelente,Familiar,Agencia,validación manual,1
C100260,29.0,4810.3,0.6,47907.42,12757.89,12,4343.98,0.903,638.0,Regular,Propia,App,,1
C100261,39.0,2474.66,3.6,42676.23,11408.11,36,1317.72,0.532,766.0,Excelente,Alquilada,App,documento incompleto,0
C100262,35.0,1993.11,6.3,10830.47,2879.06,60,283.36,0.142,616.0,Regular,Familiar,Web,,0
C100263,52.0,8655.09,28.5,113229.13,30209.72,12,9797.35,1.132,850.0,Excelente,Familiar,Agencia,,1
C100264,34.0,3220.2,9.2,21334.8,5692.74,24,1185.37,0.368,536.0,Malo,Alquilada,Web,,1
C100265,35.0,9203.79,4.3,120000.0,32001.36,24,5372.71,0.584,714.0,Bueno,Alquilada,App,,0
C100266,38.0,4430.39,11.3,64953.61,17324.75,48,1908.54,0.431,617.0,Regular,Propia,Agencia,,0
C100267,18.0,1197.09,0.0,14897.35,3955.96,48,413.52,0.345,689.0,Bueno,Familiar,Web,,0
C100268,26.0,4700.49,0.8,34931.9,9317.16,12,3462.53,0.737,490.0,Malo,Familiar,Agencia,,1
C100269,54.0,2762.29,1.5,32269.09,8590.2,48,950.52,0.344,632.0,Regular,Propia,Agencia,referencia pendiente,1
C100270,44.0,,4.9,11025.83,2940.7,36,340.45,0.233,737.0,Bueno,Alquilada,App,validación manual,0
C100271,39.0,4107.61,6.2,32984.85,8795.86,12,2911.38,0.709,721.0,Bueno,Propia,App,,0
C100272,50.0,2457.95,13.4,40127.93,10711.17,36,1264.24,0.514,715.0,Bueno,Familiar,Agencia,,0
C100273,36.0,3731.75,1.9,23840.39,6360.15,24,1072.87,0.287,719.0,Bueno,Alquilada,Agencia,,0
C100274,35.0,6988.06,2.1,94401.64,25174.62,36,3398.44,0.486,605.0,Regular,Alquilada,App,,1
C100275,35.0,5906.84,9.1,53686.03,14338.48,24,2601.38,0.44,,Regular,Propia,Agencia,referencia pendiente,0
C100276,18.0,4211.29,0.0,27000.22,7198.82,48,646.55,0.154,744.0,Excelente,Propia,Agencia,documento incompleto,1
C100277,48.0,4264.23,9.3,44641.75,11913.83,36,1861.78,0.437,505.0,Malo,Alquilada,Agencia,,1
C100278,36.0,,11.0,26757.5,7123.62,36,826.19,0.194,759.0,Excelente,Alquilada,Agencia,,0
C100279,37.0,3009.77,3.3,27734.92,7391.45,48,664.15,0.221,753.0,Excelente,Alquilada,Agencia,,0
C100280,34.0,,1.9,32522.77,8636.99,36,1178.77,0.46,629.0,Regular,Alquilada,App,,0
C100281,31.0,3304.52,6.0,44522.01,11853.02,36,1695.52,0.513,663.0,Regular,Alquilada,Agencia,,1
C100282,18.0,4336.42,0.0,58581.96,15637.47,48,1607.82,0.371,674.0,Bueno,Alquilada,Web,,0
C100283,40.0,2799.4,6.7,35133.48,9356.55,24,1828.85,0.653,602.0,Regular,Alquilada,Agencia,,1
C100284,62.0,3610.74,20.4,28293.66,7549.2,24,1484.88,0.411,579.0,Malo,Familiar,Agencia,,1
C100285,49.0,4065.35,9.0,36989.69,9866.91,36,1271.9,0.313,641.0,Regular,Propia,Web,,1
C100286,35.0,2618.55,10.9,48114.79,12840.22,12,4163.22,1.59,772.0,Excelente,Alquilada,Agencia,,0
C100287,28.0,6529.03,6.3,86676.66,23144.53,24,4833.9,0.74,504.0,Malo,Familiar,Web,,1
C100288,38.0,7265.68,4.3,71863.42,19165.21,12,6356.08,0.875,709.0,Bueno,Propia,App,,0
C100289,42.0,4381.07,6.5,43427.84,11573.32,24,1944.38,0.444,836.0,Excelente,Alquilada,Web,,0
C100290,37.0,2600.45,6.2,24385.82,6508.49,36,874.05,0.336,662.0,Regular,Alquilada,Web,,1
C100291,47.0,1636.83,12.1,20417.19,5468.91,24,1014.09,0.62,649.0,Regular,Alquilada,App,referencia pendiente,0
C100292,28.0,1260.47,1.2,14710.83,3934.18,36,545.19,0.433,577.0,Malo,Alquilada,App,,0
C100293,50.0,6879.64,6.5,74715.42,19946.51,12,7054.24,1.025,566.0,Malo,Alquilada,App,,1
C100294,40.0,4415.24,5.2,34325.8,9153.89,36,1324.23,0.3,598.0,Regular,Alquilada,App,,1
C100295,32.0,3052.36,5.9,8247.25,2180.96,48,213.74,0.07,694.0,Bueno,Familiar,Agencia,,0
C100296,35.0,2017.4,4.8,27739.84,7380.95,48,869.68,0.431,575.0,Malo,Alquilada,Web,,0
C100297,42.0,3698.39,2.5,59677.63,15924.51,36,2037.25,0.551,714.0,Bueno,Propia,Agencia,,0
C100298,46.0,6165.57,16.6,52661.39,14053.31,24,2646.02,0.429,596.0,Regular,Familiar,App,,1
C100299,39.0,4633.31,4.1,20391.68,5421.22,36,736.54,0.159,669.0,Regular,Propia,Web,,0
C100300,44.0,2480.76,13.6,22704.53,6017.03,24,1016.54,0.41,717.0,Bueno,Propia,Agencia,,1
C100301,64.0,16139.33,3.2,120000.0,31993.21,12,11027.98,0.683,644.0,Regular,Familiar,Agencia,,1
C100302,20.0,5121.16,55.0,61530.02,16404.04,48,1529.11,0.299,692.0,Bueno,Familiar,Web,,0
C100303,18.0,2239.32,0.0,12071.24,3199.7,60,333.41,0.149,572.0,Malo,Propia,Web,,1
C100304,39.0,4797.34,6.5,41096.94,10958.51,24,2112.74,0.44,603.0,Regular,Alquilada,App,,0
C100305,27.0,4842.57,0.6,15248.88,4072.43,12,1385.02,0.286,677.0,Bueno,Propia,Web,documento incompleto,0
C100306,39.0,5635.46,7.3,78810.17,21006.64,48,1887.21,0.335,777.0,Excelente,Propia,Agencia,,0
C100307,20.0,4768.05,0.2,19057.95,5085.5,60,599.24,0.126,523.0,Malo,Propia,Agencia,,0
C100308,39.0,,2.9,16023.04,4278.98,60,368.92,0.162,698.0,Bueno,Propia,App,,1
C100309,52.0,4815.2,23.2,43915.56,11701.99,36,1928.9,0.401,470.0,Malo,Propia,Agencia,,1
C100310,50.0,2781.53,9.1,15933.12,4257.09,24,818.87,0.294,606.0,Regular,Propia,Agencia,,0
C100311,26.0,4297.13,3.8,38117.65,10167.16,60,1226.1,0.285,560.0,Malo,Alquilada,Web,,0
C100312,35.0,3955.85,3.9,47255.36,12604.76,36,1745.74,0.441,608.0,Regular,Propia,Agencia,,1
C100313,48.0,5518.27,3.5,27527.02,7352.16,12,2519.13,0.457,613.0,Regular,Propia,Web,referencia pendiente,0
C100314,58.0,4507.17,7.1,30388.84,8114.85,36,1311.21,0.291,523.0,Malo,Propia,Agencia,,1
C100315,28.0,3488.39,2.3,24785.7,6617.63,36,765.31,0.219,743.0,Excelente,Alquilada,Web,,0
C100316,29.0,13763.55,5.6,75609.01,20177.02,24,3560.55,0.259,710.0,Bueno,Propia,App,,0
C100317,50.0,3484.13,11.3,54373.25,14530.0,24,2819.31,0.809,609.0,Regular,Propia,Web,,0
C100318,34.0,3441.09,2.5,31541.24,8392.48,48,755.29,0.219,779.0,Excelente,Familiar,Web,,0
C100319,27.0,5028.74,1.0,69463.7,18544.98,36,2144.84,0.427,726.0,Bueno,Alquilada,Web,referencia pendiente,1
C100320,50.0,,17.4,56329.25,14988.3,24,2665.72,0.522,684.0,Bueno,Propia,Web,,0
C100321,20.0,6423.3,0.2,102742.36,27371.8,12,8943.85,1.392,684.0,Bueno,Alquilada,Agencia,,1
C100322,30.0,2089.75,2.5,12414.1,3313.02,24,642.71,0.308,609.0,Regular,Alquilada,Web,,0
C100323,49.0,3150.17,0.6,18004.77,4801.59,36,587.08,0.186,669.0,Regular,Alquilada,Agencia,,1
C100324,31.0,6788.01,2.8,21947.22,5840.61,12,2146.79,0.316,522.0,Malo,Propia,App,,0
C100325,46.0,4622.25,19.0,61594.31,16418.27,48,1706.75,0.369,668.0,Regular,Alquilada,App,,1
C100326,25.0,4659.69,0.5,39702.91,10578.47,48,1168.18,0.251,660.0,Regular,Familiar,App,,0
C100327,47.0,2112.89,4.7,30448.71,8123.62,24,1425.62,0.675,678.0,Bueno,Alquilada,App,,1
C100328,43.0,2099.47,5.3,10769.7,2881.38,24,553.34,0.264,625.0,Regular,Propia,Web,,0
C100329,56.0,2774.03,19.5,47437.8,12669.93,36,1793.25,0.646,608.0,Regular,Alquilada,App,,0
C100330,35.0,4506.1,3.5,69839.72,18643.13,36,2541.62,0.564,611.0,Regular,Alquilada,Agencia,referencia pendiente,1
C100331,34.0,5823.74,4.5,56269.36,15010.39,12,4868.8,0.836,850.0,Excelente,Alquilada,App,,0
C100332,37.0,6135.68,5.2,55472.66,14787.44,12,4800.03,0.782,753.0,Excelente,Familiar,Web,,0
C100333,50.0,1696.72,19.0,15617.31,4175.01,48,404.85,0.239,,Bueno,Alquilada,Web,,0
C100334,30.0,3928.98,6.7,30054.54,8023.33,24,1555.13,0.396,606.0,Regular,Alquilada,App,,0
C100335,36.0,4196.62,7.2,34942.09,9317.16,12,3094.6,0.737,704.0,Bueno,Alquilada,App,,0
C100336,59.0,3348.25,25.6,36219.14,9678.39,36,1225.02,0.366,643.0,Regular,Propia,Web,validación manual,0
C100337,47.0,3375.66,12.5,38070.32,10159.79,48,1429.38,0.423,538.0,Malo,Propia,Web,,1
C100338,46.0,2471.44,5.7,33356.34,8917.81,36,1079.89,0.437,733.0,Bueno,Alquilada,App,,0
C100339,32.0,3423.61,4.5,43451.88,11579.41,12,4218.19,1.232,566.0,Malo,Propia,Agencia,,1
C100340,47.0,1356.09,19.9,13278.37,3525.78,36,504.5,0.372,602.0,Regular,Alquilada,Web,,0
C100341,25.0,7281.37,1.2,72324.64,19287.7,24,3330.63,0.457,708.0,Bueno,Familiar,Agencia,,0
C100342,22.0,4422.81,2.1,36990.76,9877.5,24,1882.16,0.426,658.0,Regular,Alquilada,Agencia,,0
C100343,28.0,7956.19,2.9,76623.12,20458.75,48,2926.99,0.368,439.0,Malo,Propia,Agencia,,1
C100344,54.0,2766.24,14.4,9869.98,2627.37,12,966.4,0.349,528.0,Malo,Familiar,App,,1
C100345,40.0,1818.63,5.9,25655.89,6823.43,36,1086.3,0.597,505.0,Malo,Propia,App,validación manual,1
C100346,28.0,,3.8,47309.01,12625.19,36,1460.76,0.158,816.0,Excelente,Propia,Web,,0
C100347,34.0,1479.94,7.9,11336.52,3020.12,36,402.53,0.272,634.0,Regular,Familiar,Web,,1
C100348,43.0,2283.75,8.7,28430.94,7586.82,12,2605.77,1.141,613.0,Regular,Propia,Web,,1
C100349,51.0,5723.73,15.2,78821.69,20998.29,48,2086.81,0.365,706.0,Bueno,Alquilada,Agencia,,0
C100350,20.0,7738.23,1.2,65219.21,17392.4,36,2096.83,0.271,673.0,Bueno,Alquilada,Agencia,,0
C100351,53.0,2932.79,17.1,38185.75,10168.79,12,3556.63,1.213,591.0,Regular,Alquilada,Web,,1
C100352,48.0,3655.57,4.5,24409.21,6492.64,36,753.69,0.206,791.0,Excelente,Familiar,Web,,0
C100353,30.0,3571.27,0.9,34844.94,9280.42,36,1075.91,0.301,810.0,Excelente,Propia,Web,,0
C100354,34.0,5161.94,1.9,57459.5,15315.71,36,1860.4,0.36,695.0,Bueno,Alquilada,Agencia,,0
C100355,43.0,2677.97,9.6,19603.64,5229.2,12,1870.84,0.699,577.0,Malo,Alquilada,Agencia,,0
C100356,35.0,5334.1,1.9,49837.79,13303.24,36,1538.85,0.288,719.0,Bueno,Alquilada,Web,,1
C100357,40.0,6099.23,9.4,85684.12,22849.71,36,2846.73,0.467,696.0,Bueno,Propia,Agencia,documento incompleto,0
C100358,26.0,3860.29,2.1,51643.78,13754.36,36,1597.24,0.414,,Bueno,Alquilada,Agencia,,0
C100359,18.0,4233.48,0.0,21228.03,5680.71,60,420.34,0.099,767.0,Excelente,Alquilada,Agencia,,0
C100360,65.0,11725.26,18.7,70563.62,18803.16,12,6126.32,0.522,712.0,Bueno,Propia,Web,,0
C100361,40.0,4685.88,9.1,79969.13,21319.1,48,1914.96,0.409,732.0,Bueno,Alquilada,Web,,0
C100362,40.0,3359.15,12.8,31170.28,8346.07,36,1084.92,0.323,700.0,Bueno,Alquilada,Web,validación manual,0
C100363,44.0,6700.58,5.5,52588.14,14012.1,48,1656.71,0.247,605.0,Regular,Alquilada,App,,1
C100364,53.0,7112.91,6.5,50078.6,13371.97,12,4730.24,0.665,608.0,Regular,Alquilada,App,,0
C100365,48.0,2948.04,3.7,15227.61,4078.03,24,794.93,0.27,590.0,Regular,Alquilada,App,referencia pendiente,0
C100366,27.0,2604.52,0.5,15681.13,4184.8,24,829.49,0.318,619.0,Regular,Alquilada,Agencia,,1
C100367,37.0,7954.35,12.5,30886.75,8271.34,48,968.6,0.122,567.0,Malo,Alquilada,Web,,0
C100368,39.0,,11.7,65756.77,17549.55,12,5849.51,0.817,665.0,Regular,Alquilada,App,,1
C100369,46.0,7497.42,4.3,82039.41,21876.83,36,2533.14,0.338,781.0,Excelente,Familiar,Web,referencia pendiente,0
C100370,31.0,8759.16,3.8,92200.37,24579.5,48,2687.3,0.307,640.0,Regular,Alquilada,Web,,0
C100371,42.0,2423.62,2.4,38759.97,10327.37,48,996.0,0.411,693.0,Bueno,Alquilada,Agencia,,0
C100372,40.0,1941.28,6.2,4474.13,1193.3,12,413.92,0.213,618.0,Regular,Alquilada,Web,,0
C100373,53.0,6523.34,26.5,56852.36,15152.44,60,1434.73,0.22,613.0,Regular,Familiar,Web,,1
C100374,18.0,6352.85,0.0,37121.91,9910.41,36,1239.27,0.195,657.0,Regular,Propia,Web,,0
C100375,39.0,4441.41,9.7,60053.2,16032.64,36,2112.53,0.476,653.0,Regular,Alquilada,Web,,1
C100376,42.0,5758.21,8.1,60685.01,16165.82,60,1924.01,0.334,534.0,Malo,Propia,Agencia,,1
C100377,45.0,2910.65,2.2,19513.74,5178.54,24,962.65,0.331,619.0,Regular,Alquilada,Web,,0
C100378,38.0,2587.09,4.3,14476.92,3863.83,24,706.88,0.273,620.0,Regular,Propia,App,,0
C100379,29.0,3924.62,5.5,10779.36,2873.75,24,541.91,0.138,682.0,Bueno,Propia,Web,,0
C100380,45.0,5001.2,5.1,37900.36,10149.25,48,1055.22,0.211,629.0,Regular,Familiar,Agencia,,1
C100381,42.0,5467.86,7.4,60102.33,16048.16,24,3276.48,0.599,531.0,Malo,Familiar,App,,1
C100382,29.0,3918.12,4.2,49142.71,13094.78,12,4517.32,1.153,599.0,Regular,Propia,Agencia,,1
C100383,23.0,5429.35,1.6,73357.77,19537.46,48,2478.14,0.456,568.0,Malo,Propia,Web,,1
C100384,44.0,7178.48,0.4,95387.06,25443.35,60,2428.72,0.338,612.0,Regular,Alquilada,Agencia,,1
C100385,28.0,5137.83,4.2,54348.64,14467.09,24,2620.39,0.51,666.0,Regular,Propia,App,,0
C100386,45.0,3299.96,8.9,24687.34,6583.26,24,1288.58,0.39,564.0,Malo,Familiar,Agencia,,0
C100387,55.0,8919.97,15.2,73109.38,19477.72,60,1793.93,0.201,685.0,Bueno,Propia,Web,referencia pendiente,0
C100388,40.0,2422.17,2.7,18522.11,4938.09,48,443.53,0.183,780.0,Excelente,Propia,Agencia,,0
C100389,41.0,4525.5,8.4,44861.93,11967.1,24,2250.76,0.497,650.0,Regular,Alquilada,Agencia,documento incompleto,0
C100390,39.0,9832.94,3.0,42479.99,11355.45,12,3891.19,0.396,654.0,Regular,Alquilada,Web,,0
C100391,53.0,12645.17,19.8,120000.0,31995.02,12,11108.73,0.878,621.0,Regular,Propia,Agencia,validación manual,1
C100392,53.0,8615.45,13.0,120000.0,31984.13,60,2654.69,0.308,691.0,Bueno,Alquilada,Web,,1
C100393,39.0,3399.18,7.8,18886.91,5046.16,24,849.78,0.25,727.0,Bueno,Propia,Agencia,,0
C100394,46.0,1848.99,10.5,24026.7,6401.97,60,556.36,0.301,686.0,Bueno,Alquilada,App,,1
C100395,38.0,3330.97,5.7,57772.03,15402.06,60,1464.72,0.44,633.0,Regular,Alquilada,Web,,1
C100396,33.0,4055.14,4.0,47756.04,12759.22,24,2138.16,0.527,823.0,Excelente,Familiar,Agencia,validación manual,0
C100397,46.0,4386.75,12.6,39016.63,10422.23,24,1746.88,0.398,726.0,Bueno,Propia,Web,,0
C100398,37.0,2622.36,6.7,13519.84,3601.48,36,466.44,0.178,661.0,Regular,Propia,App,,0
C100399,29.0,3281.28,6.0,36411.55,9671.54,36,1412.37,0.43,531.0,Malo,Alquilada,Web,,1
C100400,22.0,4605.81,1.9,31869.62,8485.45,48,788.08,0.171,711.0,Bueno,Alquilada,Agencia,,0
C100401,49.0,4295.75,15.2,40162.19,10711.16,24,1887.57,0.439,,Regular,Alquilada,App,,0
C100402,27.0,7516.07,3.7,53677.24,14330.29,48,1812.34,0.241,585.0,Regular,Familiar,App,,0
C100403,26.0,5428.68,3.3,87800.29,23397.6,24,4241.8,0.781,685.0,Bueno,Alquilada,Agencia,,0
C100404,35.0,5480.86,5.8,80479.86,21445.56,24,3706.75,0.676,727.0,Bueno,Familiar,Agencia,,0
C100405,46.0,3281.96,9.8,36347.75,9671.74,12,3145.05,0.958,825.0,Excelente,Alquilada,Web,,0
C100406,19.0,4339.36,0.2,63110.58,16818.56,36,1948.67,0.449,781.0,Excelente,Familiar,Agencia,,1
C100407,45.0,1734.41,9.6,9103.52,2418.61,12,861.14,0.497,575.0,Malo,Familiar,App,,0
C100408,42.0,3479.44,7.1,17419.51,4650.08,36,597.06,0.172,666.0,Regular,Alquilada,App,,0
C100409,25.0,2036.29,2.2,36281.25,9680.71,24,1624.41,0.798,753.0,Excelente,Alquilada,Agencia,,0
C100410,25.0,4473.5,3.6,50418.23,13444.71,12,4462.13,0.997,726.0,Bueno,Familiar,Web,,1
C100411,36.0,5378.65,5.3,60574.39,16133.72,24,3126.25,0.581,635.0,Regular,Alquilada,App,,0
C100412,59.0,4434.98,5.1,55407.67,14775.22,48,2109.94,0.476,462.0,Malo,Familiar,App,validación manual,1
C100413,35.0,8345.2,0.5,101522.33,27084.21,48,3127.6,0.375,638.0,Regular,Alquilada,Agencia,,1
C100414,50.0,3084.5,6.1,32981.18,8768.46,24,1645.04,0.533,620.0,Regular,Alquilada,Agencia,referencia pendiente,1
C100415,48.0,4012.34,5.2,22142.05,5907.59,12,2145.65,0.535,578.0,Malo,Alquilada,Agencia,validación manual,1
C100416,21.0,3260.05,0.7,43453.96,11595.83,60,986.75,0.303,701.0,Bueno,Propia,App,referencia pendiente,1
C100417,38.0,3622.12,11.1,43656.57,11661.45,48,1045.41,0.289,738.0,Bueno,Propia,Web,,0
C100418,49.0,7623.17,5.9,94439.98,25183.7,36,3585.52,0.47,616.0,Regular,Alquilada,Web,,1
C100419,33.0,2242.47,7.2,26296.54,7009.45,24,1255.99,0.56,650.0,Regular,Familiar,Web,,1
C100420,51.0,8851.95,1.1,120000.0,31995.96,36,4089.86,0.462,630.0,Regular,Alquilada,Agencia,,0
C100421,26.0,7758.52,3.1,87161.34,23223.43,36,2717.15,0.35,740.0,Bueno,Propia,Agencia,,0
C100422,22.0,5476.75,1.7,64812.64,17303.92,24,2901.83,0.53,798.0,Excelente,Alquilada,Agencia,,0
C100423,33.0,3580.71,2.6,36137.08,9642.12,24,1774.71,0.496,637.0,Regular,Propia,App,,0
C100424,45.0,4678.52,12.5,67081.41,17904.58,12,5857.71,1.252,738.0,Bueno,Alquilada,Agencia,referencia pendiente,0
C100425,34.0,3501.69,7.3,50898.94,13563.15,24,2369.97,0.677,702.0,Bueno,Alquilada,Agencia,,1
C100426,48.0,8161.17,7.8,55143.91,14717.0,36,2082.04,0.255,584.0,Regular,Propia,Agencia,,1
C100427,21.0,2518.94,0.3,24355.72,6469.66,36,1000.97,0.397,575.0,Malo,Alquilada,Web,,1
C100428,32.0,2697.23,3.6,14074.93,3750.39,12,1248.23,0.463,696.0,Bueno,Propia,App,,0
C100429,53.0,4268.4,11.8,57402.15,15306.7,24,3337.97,0.782,505.0,Malo,Propia,Agencia,,1
C100430,18.0,1352.52,0.0,12554.62,3354.95,12,1174.09,0.868,617.0,Regular,Propia,Agencia,,1
C100431,41.0,8152.36,5.7,120000.0,32005.73,12,10383.21,1.274,726.0,Bueno,Alquilada,Web,,1
C100432,28.0,3627.09,3.2,43666.55,11627.35,12,4275.66,1.179,541.0,Malo,Propia,Web,,1
C100433,30.0,5912.77,5.7,66444.72,17723.48,48,1897.76,0.321,654.0,Regular,Propia,App,,0
C100434,34.0,4545.22,0.8,63079.49,16811.39,12,6184.27,1.361,542.0,Malo,Familiar,Agencia,,1
C100435,22.0,1889.37,0.6,13331.26,3575.93,24,639.26,0.338,669.0,Regular,Alquilada,App,,1
C100436,48.0,4280.17,5.8,46486.26,12407.89,36,1699.94,0.397,610.0,Regular,Propia,Web,validación manual,0
C100437,44.0,5076.68,5.9,67041.69,17901.17,24,3041.43,0.599,720.0,Bueno,Alquilada,Web,documento incompleto,1
C100438,51.0,2449.29,20.3,47295.35,12596.38,12,4451.25,1.817,605.0,Regular,Familiar,Agencia,,1
C100439,40.0,2653.84,2.5,35167.29,9389.94,36,1115.03,0.42,679.0,Bueno,Alquilada,Web,,0
C100440,28.0,2601.01,7.5,42027.31,11190.4,24,2235.48,0.859,,Regular,Propia,Web,,1
C100441,45.0,5960.31,12.5,89083.92,23770.15,36,2973.24,0.499,662.0,Regular,Familiar,App,,0
C100442,23.0,,2.5,15115.33,4040.25,36,563.65,0.237,608.0,Regular,Familiar,Web,,0
C100443,28.0,,3.2,30997.05,8254.97,24,1387.82,0.5,732.0,Bueno,Propia,Agencia,,0
C100444,61.0,4030.06,21.6,51629.62,13765.48,48,1290.75,0.32,722.0,Bueno,Familiar,Agencia,,0
C100445,50.0,4422.45,17.8,68330.81,18221.64,24,3365.04,0.761,678.0,Bueno,Propia,App,,1
C100446,43.0,3185.4,7.8,25726.17,6865.24,12,2399.54,0.753,587.0,Regular,Propia,Agencia,,1
C100447,54.0,8492.19,5.0,104717.19,27936.78,36,3233.36,0.381,788.0,Excelente,Alquilada,Agencia,validación manual,0
C100448,35.0,8673.37,4.2,120000.0,32009.63,48,2873.55,0.331,763.0,Excelente,Alquilada,Agencia,,0
C100449,45.0,2358.58,7.5,18415.33,4888.82,48,454.09,0.193,679.0,Bueno,Alquilada,Web,,0
C100450,29.0,9429.62,5.5,61912.95,16495.88,12,5604.47,0.594,668.0,Regular,Alquilada,Web,,0
C100451,34.0,5160.76,9.0,70030.09,18677.31,48,2462.56,0.477,530.0,Malo,Alquilada,Web,,1
C100452,39.0,5645.35,9.2,72802.98,19423.23,24,3259.58,0.577,699.0,Bueno,Alquilada,Web,,1
C100453,55.0,5953.71,16.9,79927.6,21341.46,12,6996.2,1.175,702.0,Bueno,Familiar,Web,,1
C100454,30.0,2234.92,0.5,14468.38,3848.43,12,1380.23,0.618,599.0,Regular,Familiar,Web,,1
C100455,50.0,2354.03,14.5,18074.18,4833.25,12,1635.83,0.695,626.0,Regular,Alquilada,App,,1
C100456,38.0,5190.03,11.8,30704.02,8212.03,24,1496.68,0.288,673.0,Bueno,Familiar,Web,documento incompleto,0
C100457,19.0,3010.72,0.2,22598.77,6020.64,36,786.49,0.261,684.0,Bueno,Propia,App,,0
C100458,18.0,14611.58,0.0,87347.56,23283.69,60,2321.28,0.159,599.0,Regular,Alquilada,Agencia,,1
C100459,30.0,3410.14,8.1,17275.05,4612.89,24,899.97,0.264,571.0,Malo,Familiar,Agencia,,1
C100460,50.0,6399.33,15.7,32789.28,8740.15,36,1064.46,0.166,730.0,Bueno,Alquilada,Web,,0
C100461,41.0,2688.97,7.7,36885.99,9838.05,24,1651.48,0.614,787.0,Excelente,Familiar,Web,documento incompleto,0
C100462,58.0,11107.06,16.2,53599.98,14295.49,12,4637.83,0.418,827.0,Excelente,Propia,Web,,0
C100463,40.0,9785.3,1.9,120000.0,32037.94,24,5995.37,0.613,576.0,Malo,Propia,Agencia,,1
C100464,54.0,2121.99,13.2,18663.62,4981.08,24,877.45,0.414,691.0,Bueno,Familiar,Agencia,,0
C100465,41.0,4917.9,13.9,39774.56,10593.15,36,1499.78,0.305,599.0,Regular,Alquilada,Agencia,,1
C100466,28.0,4363.53,1.5,25996.11,6922.47,48,692.35,0.159,700.0,Bueno,Alquilada,Web,referencia pendiente,0
C100467,46.0,8449.18,8.2,96624.45,25781.97,36,3016.88,0.357,759.0,Excelente,Alquilada,Agencia,,0
C100468,30.0,1403.16,2.9,18840.71,5048.46,48,518.76,0.37,676.0,Bueno,Alquilada,Web,,1
C100469,23.0,3602.0,2.5,31899.56,8503.84,12,3115.98,0.865,476.0,Malo,Alquilada,Agencia,,1
C100470,30.0,6207.94,3.8,66469.33,17752.51,36,2442.41,0.393,623.0,Regular,Alquilada,App,,0
C100471,34.0,3518.95,10.8,57053.96,15246.62,60,1597.09,0.454,626.0,Regular,Alquilada,Agencia,,1
C100472,41.0,3057.95,6.1,30443.84,8128.98,24,1411.2,0.461,,Bueno,Propia,Agencia,,0
C100473,48.0,2091.65,3.0,17914.69,4790.87,36,723.9,0.346,534.0,Malo,Alquilada,Web,,0
C100474,45.0,4782.62,13.5,18657.76,5002.0,12,1636.3,0.342,734.0,Bueno,Alquilada,Agencia,,0
C100475,61.0,3675.59,8.7,48594.47,12973.63,48,1559.85,0.424,603.0,Regular,Propia,Agencia,,0
C100476,18.0,2076.9,0.0,11102.66,2956.25,36,350.7,0.169,701.0,Bueno,Alquilada,Agencia,,0
C100477,36.0,4280.35,8.1,41682.62,11130.01,24,2304.09,0.538,518.0,Malo,Familiar,Agencia,,1
C100478,67.0,2903.14,13.2,17590.43,4681.05,48,421.22,0.145,850.0,Excelente,Alquilada,App,documento incompleto,0
C100479,35.0,4555.96,4.4,72914.37,19444.1,36,2395.3,0.526,676.0,Bueno,Alquilada,Web,,0
C100480,24.0,5595.66,1.7,83854.6,22371.1,36,2814.83,0.503,643.0,Regular,Alquilada,Web,,1
C100481,30.0,6623.16,7.0,100095.41,26702.39,36,3474.36,0.525,633.0,Regular,Alquilada,Agencia,,1
C100482,27.0,4734.37,0.9,52196.12,13903.12,48,1302.06,0.275,702.0,Bueno,Propia,Web,,0
C100483,33.0,2537.96,10.2,15524.01,4135.7,48,460.07,0.181,604.0,Regular,Propia,Agencia,,0
C100484,57.0,3652.26,6.8,35568.42,9519.05,24,1751.19,0.479,636.0,Regular,Familiar,Agencia,,0
C100485,23.0,3398.05,0.9,52899.12,14098.09,36,1938.36,0.57,653.0,Regular,Propia,Web,referencia pendiente,1
C100486,31.0,6416.13,3.6,92272.76,24603.02,12,8179.96,1.275,756.0,Excelente,Alquilada,Agencia,documento incompleto,1
C100487,54.0,2918.27,10.3,42541.45,11362.43,48,1270.91,0.436,600.0,Regular,Familiar,Agencia,,1
C100488,42.0,8069.39,4.2,50808.81,13533.77,48,1480.43,0.183,608.0,Regular,Familiar,Web,,0
C100489,42.0,3972.9,3.4,40464.5,10797.01,24,2089.66,0.526,576.0,Malo,Familiar,App,,1
C100490,34.0,5463.54,1.0,48849.31,13009.51,48,1648.21,0.302,582.0,Regular,Alquilada,Web,referencia pendiente,1
C100491,49.0,3286.33,16.3,27602.25,7337.85,24,1389.45,0.423,571.0,Malo,Propia,Agencia,,1
C100492,27.0,7065.69,1.6,30872.42,8271.12,48,795.46,0.113,670.0,Regular,Propia,Agencia,,0
C100493,49.0,3081.3,5.3,14690.65,3933.28,36,524.39,0.17,682.0,Bueno,Propia,App,,0
C100494,40.0,8539.51,6.4,108380.65,28897.92,36,4346.53,0.509,564.0,Malo,Alquilada,Agencia,,1
C100495,36.0,4907.35,4.8,38292.66,10200.28,36,1182.37,0.241,771.0,Excelente,Propia,Agencia,,0
C100496,32.0,5800.71,5.6,30089.11,8064.69,12,2603.51,0.449,725.0,Bueno,Alquilada,Agencia,,0
C100497,49.0,5254.94,12.4,74838.44,19947.8,12,6920.62,1.317,647.0,Regular,Propia,App,,1
C100498,42.0,2806.64,2.8,17436.74,4617.83,36,639.3,0.228,613.0,Regular,Familiar,App,,1
C100499,34.0,7681.67,8.2,55822.22,14852.37,36,1998.43,0.26,645.0,Regular,Alquilada,Agencia,,0
C100500,40.0,2007.03,9.4,8454.75,2262.19,12,788.39,0.393,617.0,Regular,Familiar,App,validación manual,0
C100501,27.0,4242.98,4.8,29079.25,7753.76,12,2862.82,0.675,513.0,Malo,Propia,Web,,1
C100502,52.0,5806.91,24.6,17796.14,4775.78,12,1598.29,0.275,693.0,Bueno,Alquilada,Web,,0
C100503,54.0,6483.72,27.6,35257.7,9419.92,12,3192.04,0.492,617.0,Regular,Familiar,App,,1
C100504,51.0,3034.05,13.7,29832.39,7969.08,36,993.51,0.327,696.0,Bueno,Alquilada,Agencia,,0
C100505,42.0,3240.49,1.6,18352.48,4880.04,36,566.67,0.175,735.0,Bueno,Propia,Web,referencia pendiente,1
C100506,44.0,3648.24,8.2,22870.19,6100.41,12,2072.88,0.568,632.0,Regular,Propia,Web,,0
C100507,23.0,2543.21,0.9,22115.96,5910.64,48,644.0,0.253,649.0,Regular,Propia,Agencia,referencia pendiente,1
C100508,34.0,3606.75,3.6,35893.02,9583.15,36,1179.68,0.327,696.0,Bueno,Propia,App,,0
C100509,36.0,2677.9,10.9,22960.64,6134.99,12,2057.82,0.768,649.0,Regular,Propia,Agencia,documento incompleto,1
C100510,37.0,5012.79,12.0,59388.8,15838.31,48,1751.6,0.349,652.0,Regular,Propia,Agencia,,0
C100511,45.0,3673.75,7.7,43877.6,11696.08,60,1052.42,0.286,650.0,Regular,Alquilada,Agencia,,0
C100512,34.0,2771.89,4.8,20384.07,5454.79,36,629.4,0.227,,Excelente,Alquilada,Web,,0
C100513,30.0,2858.42,6.5,45303.19,12074.79,12,4129.8,1.445,669.0,Regular,Alquilada,Web,validación manual,1
C100514,52.0,4284.13,10.7,41995.6,11219.54,36,1541.0,0.36,630.0,Regular,Propia,Web,referencia pendiente,0
C100515,35.0,2756.83,10.6,37681.65,10057.71,12,3276.09,1.188,755.0,Excelente,Familiar,Web,referencia pendiente,0
C100516,31.0,2130.19,2.8,18992.27,5058.82,36,707.79,0.332,622.0,Regular,Propia,Agencia,documento incompleto,0
C100517,18.0,2430.09,0.0,10215.84,2710.75,36,341.84,0.141,659.0,Regular,Alquilada,App,,0
C100518,23.0,4441.71,1.4,20255.64,5402.64,36,673.2,0.152,679.0,Bueno,Alquilada,Web,,0
C100519,36.0,1765.65,3.3,10341.19,2778.29,24,474.39,0.269,688.0,Bueno,Alquilada,App,,0
C100372,40.0,1941.28,6.2,4474.13,1193.3,12,413.92,0.213,618.0,Regular,Alquilada,Web,,0
C100121,44.0,6609.94,10.8,75171.13,20042.14,12,6709.96,1.015,706.0,Bueno,Alquilada,Agencia,,1
C100517,18.0,2430.09,0.0,10215.84,2710.75,36,341.84,0.141,659.0,Regular,Alquilada,App,,0
C100036,41.0,1913.76,13.0,18618.86,4973.87,36,658.6,0.344,615.0,Regular,Alquilada,Web,,0
C100293,50.0,,6.5,74715.42,19946.51,12,7054.24,1.025,566.0,Malo,Alquilada,App,,1
